연번,호선,역명,장비,호기,승강기번호,운행구간,설치위치,설치일자,적재하중(㎏),정원(인),정격속도(m/min)
1,1,서울(1),E/L,내부#1,0074-205,B2(승)~B1(대),섬식(상)5-1,2014-12-02,750,11,60
2,1,서울(1),E/L,외부#1,0104-656,B1(대)~지상,2번출구측,2013-08-02,900,13,45
3,1,서울(1),E/L,외부#2,0105-867,B1(대)~지상,4번출구측,2000-05-01,1000,15,45
4,1,서울(1),E/L,외부#3,0073-979,B1(대)~지상,3번출구측,2014-11-01,1000,15,60
5,1,시청(1),E/L,내부#1,0002-888,B2(승)~B1(대),상행3-2,2004-03-13,1000,15,45
6,1,시청(1),E/L,내부#2,0002-887,B2(승)~B1(대),하행8-3,2004-03-13,1000,15,45
7,1,시청(1),E/L,외부#1,0002-889,B1(대)~지상,1-2번출구사이,2005-04-01,1000,15,45
8,1,종각,E/L,내부#1,0000-506,B2(승)~B1(대),상행6-4,2005-01-25,1000,15,45
9,1,종각,E/L,내부#2,0000-507,B2(승)~B1(대),하행4-4,2004-04-17,1000,15,45
10,1,종각,E/L,외부#1,0000-508,B1(대)~지상,3번출구측,2004-11-05,1000,15,45
11,1,종각,E/L,외부#2,0113-945,B1(대)~지상,1번출구측,2016-03-18,1000,15,60
12,1,종로3가(1),E/L,내부#1,0000-512,B2(승)~B1(대),상행4-4,2003-12-23,1000,15,60
13,1,종로3가(1),E/L,내부#2,0000-513,B2(승)~B1(대),하행6-4,2003-12-23,1000,15,60
14,1,종로3가(1),E/L,외부#1,0073-426,B1(대)~지상,12-13번출구측,2014-07-29,1000,15,60
15,1,종로5가,E/L,내부#1,0000-533,B2(승)~B1(대),상행8-3,2004-05-20,1000,15,45
16,1,종로5가,E/L,내부#2,0000-534,B2(승)~B1(대),하행3-2,2004-05-20,1000,15,45
17,1,종로5가,E/L,외부#1,0000-535,B1(대)~지상,8-9번출구측,2005-02-28,1000,15,45
18,1,동대문(1),E/L,내부#1,0000-906,B2(승)~B1(대),상행10-4,2003-12-24,750,11,60
19,1,동대문(1),E/L,내부#2,0000-907,B2(승)~B1(대),하행2-1,2003-12-24,750,11,60
20,1,동대문(1),E/L,외부#1,0000-905,B1(대)~지상,6번출구측,2004-08-14,1000,15,45
21,1,동묘앞,E/L,내부#1,0000-946,B1(승)~4F(건),본관건물(상)6-2,2005-12-31,1000,15,60
22,1,동묘앞,E/L,내부#2,0000-943,B2(연)~BM2~B1(승),상행10-3,2005-12-31,1000,15,60
23,1,동묘앞,E/L,내부#3,0000-947,B2(환)~B1(승),상행4-8,2005-12-31,1000,15,60
24,1,동묘앞,E/L,내부#4,0000-948,B2(연)~B1(승),하행7-3,2005-12-31,1000,15,60
25,1,동묘앞,E/L,내부#5,0000-944,B2(환)~B1(승),하행1-2,2005-12-31,1000,15,60
26,1,동묘앞,E/L,외부#1,0000-945,B1(승)~BM1~지상,1-10번출구사이,2005-12-31,1000,15,60
27,1,동묘앞,E/L,외부#2,0000-960,B1(승)~지상,3번출구측,2005-12-31,1000,15,60
28,1,신설동(1),E/L,내부#1,0003-532,B2(승)~B1(대),상행3-4,2012-11-30,1000,15,45
29,1,신설동(1),E/L,내부#2,0083-761,B2(승)~B1(대),하행8-1,2012-11-30,1000,15,45
30,1,신설동(1),E/L,외부#1,0083-763,B1(대)~지상,1번출구측,2004-05-27,1000,15,45
31,1,신설동(1),E/L,외부#2,0083-762,B1(대)~지상,2번출구/3번출구사이,2012-11-30,1000,15,45
32,1,신설동(1),E/L,외부#3,0083-764,B1(대)~지상,4번출구/5번출구사이,2012-11-30,1000,15,45
33,1,제기동,E/L,내부#1,0043-600,B2(승)~B1(대),상행9-4,2004-04-17,750,11,45
34,1,제기동,E/L,내부#2,0027-701,B2(승)~B1(대),하행2-1,2004-11-12,750,11,45
35,1,제기동,E/L,외부#1,0093-165,B1(대)~지상,1번출구측,2004-11-15,1000,15,45
36,1,청량리(1),E/L,외부#1,1042-264,B2(대)~지상,6번출구측,2005-03-06,1000,15,45
37,2,시청(2),E/L,내부#1,0042-520,B3(승)~B2대)~B1(대),섬식(외)6-2,2002-12-27,900,13,60
38,2,시청(2),E/L,외부#1,0002-886,B1(대)~지상,9번출구측,2004-02-27,1000,15,60
39,2,을지로입구,E/L,내부#1,0003-059,B2(승)~B1(대),외선5-3,2005-03-30,1000,15,45
40,2,을지로입구,E/L,내부#2,0003-058,B2(승)~B1(대),내선6-2,2005-03-30,1000,15,45
41,2,을지로입구,E/L,외부#1,0124-101,B1(대)~지상,1번출구측,2017-06-30,1000,15,60
42,2,을지로입구,E/L,외부#2,0104-712,B1(대)~지상,5번출구측,2013-12-05,1000,15,60
43,2,을지로3가(2),E/L,내부#1,0042-132,B2(승)~B1(대),외선8-3,2004-12-03,1000,15,45
44,2,을지로3가(2),E/L,내부#2,0042-133,B2(승)~B1(대),내선3-2,2004-12-03,1000,15,45
45,2,을지로4가,E/L,내부#1,0042-130,B2(승)~B1(대),외선3-2,2005-12-15,1000,15,60
46,2,을지로4가,E/L,내부#2,0042-131,B2(승)~B1(대),내선8-3,2003-12-31,1000,15,60
47,2,을지로4가,E/L,외부#1,0102-390,B1(대)~지상,8번출구,2003-12-31,1000,15,45
48,2,동대문역사문화공원(2),E/L,내부#1,0003-055,B2(승)~B1(대),외선8-3,2003-07-16,1000,15,45
49,2,동대문역사문화공원(2),E/L,내부#2,0003-056,B2(승)~B1(대),내선3-2,2004-04-26,1000,15,45
50,2,동대문역사문화공원(2),E/L,외부#1,0070-607,B1(대)~지상,1번출구측,2012-11-02,1000,17,60
51,2,신당,E/L,외부#1,0004-367,B1(대)~지상,2번출구측,2010-04-09,1000,15,45
52,2,신당,E/L,내부#1,0103-796,B2(승)~B1(대),외선3-4,2004-05-12,1000,15,45
53,2,신당,E/L,내부#2,0103-797,B2(승)~B1(대),내선7-4,2004-05-12,900,13,45
54,2,상왕십리,E/L,내부#1,0042-156,B2(승)~B1(대),외선8-1,2004-08-03,1000,15,45
55,2,상왕십리,E/L,내부#2,0042-157,B2(승)~B1(대),내선3-4,2004-08-03,1000,15,45
56,2,상왕십리,E/L,외부#1,0117-183,B1(대)~지상,2-3출구사이,2016-12-01,1000,24,60
57,2,왕십리,E/L,내부#1,0003-466,B3(승)~B2(대),외선3-2,2010-03-09,1000,15,45
58,2,왕십리,E/L,내부#2,0068-689,B3(승)~B2(대),내선3-4,2012-09-04,1000,15,60
59,2,한양대,E/L,내부#1,0042-129,F1(승)~F2(대),섬식(외)3-3,2004-12-24,600,9,45
60,2,한양대,E/L,외부#1,0042-128,지상~F2(대),4번출구(육교),2005-07-15,1000,15,45
61,2,뚝섬,E/L,내부#1,0003-051,F2(대)~F3(승),외선7-1,2005-04-01,1000,15,45
62,2,뚝섬,E/L,내부#2,0003-050,F2(대)~F3(승),내선7-1,2005-04-01,1000,15,45
63,2,뚝섬,E/L,외부#1,0003-049,지상~F2(대),3번출구측,2005-04-26,1000,15,45
64,2,뚝섬,E/L,외부#2,0131-787,지상~F2(대),6번출구,2018-12-31,1000,15,45
65,2,성수,E/L,내부#1,0074-865,F2(대)~F3(승),외선7-1,2015-07-09,600,9,60
66,2,성수,E/L,내부#2,0074-866,F2(대)~F3(승),내선4-4,2015-07-09,600,9,60
67,2,성수,E/L,외부#1,0039-325,지상~F1(대),1번출구측,2002-09-10,1000,15,45
68,2,성수,E/L,외부#2,0039-327,지상~F1(대),4번출구측,2002-09-10,1000,15,45
69,2,신답,E/L,내부#1,0039-326,F1(승)~F2(대),외선2-4,2005-04-14,750,11,45
70,2,신답,E/L,내부#2,0104-461,F1(승)~F2(대),내선3-2,2013-08-26,1000,15,60
71,2(기타),신답별관,E/L,1호기,0014-917,1F~10F,신답별관,2003-03-07,1600,24,60
72,2(기타),신답별관,E/L,2호기,0014-918,1F~10F,신답별관,2003-03-07,1000,15,60
73,2(기타),신답별관,C/L,3호기,0014-919,1F~3F,주차장,2003-05-21,2500,3,20
74,2(기타),신답별관,C/L,4호기,0014-920,1F~3F,주차장,2003-05-21,2500,3,20
75,2,용두,E/L,내부#1,0054-021,B2(승)~B1(대),외선1-1,2005-12-30,1000,15,60
76,2,용두,E/L,내부#2,0054-022,B2(승)~B1(대),내선4-3,2005-12-30,1000,15,60
77,2,용두,E/L,외부#1,0054-023,B1(대)~지상,3번출구측,2005-12-30,1000,15,60
78,2,용두,E/L,외부#2,0054-024,B1(대)~지상,4번출구측,2005-12-30,1000,15,60
79,2(기타),인재개발원,E/L,1호기,0069-781,B1~7,교육동,2006-06-29,1600,8,60
80,2(기타),인재개발원,E/L,2호기,0069-782,B1~7,교육동,2006-06-29,1600,8,60
81,2(기타),인재개발원,E/L,3호기,0069-783,B1~7,교육동,2006-06-29,1600,8,60
82,2(기타),인재개발원,E/L,4호기,0069-784,B1~5,복지동,2006-06-29,1600,6,60
83,2(기타),인재개발원,E/L,5호기,0069-785,B1~5,복지동,2006-06-29,1600,6,60
84,2(기타),인재개발원,D/W,1호기,1901-974,1~2,복지동(식당내),2006-06-29,300,2,30
85,2,신설동(2),E/L,내부#1,0027-703,B2(승)~B1(대),섬식(외)4-3,2018-12-26,1000,15,45
86,2,신설동(2),E/L,외부#1,0044-516,B1(대)~지상,9번출구측,2012-07-24,1000,15,45
87,2,건대입구,E/L,내부#1,0108-564,2(대)~3(승),섬식(외)5-4,2014-11-21,1000,15,60
88,2,건대입구,E/L,외부#1,0095-448,지상~F2(대)~F3(승),7-3~6번출구측,2012-01-19,1350,20,45
89,2,구의,E/L,내부#1,0028-196,F2(대)~F3(승),섬식(외)4-3,2005-09-16,900,13,45
90,2,구의,E/L,외부#1,0028-197,지상~F2(대)~F3(승),7-2~2번출구측,2005-09-16,1000,15,60
91,2,강변,E/L,내부#1,0093-166,F1(대)~F2(승),외선4-2,2005-04-08,1000,15,45
92,2,강변,E/L,내부#2,0093-167,F1(대)~F2(승),내선7-3,2005-04-08,1000,15,45
93,2,잠실나루,E/L,내부#1,0012-789,F1(대)~F2(승),외선3-4,2004-05-19,750,11,45
94,2,잠실나루,E/L,내부#2,0012-790,F1(대)~F2(승),내선8-1,2004-05-19,750,11,45
95,2,잠실,E/L,내부#1,0007-841,B2(승)~B1(대),외선5-2,2004-08-31,1000,15,45
96,2,잠실,E/L,내부#2,0007-842,B2(승)~B1(대),내선6-3,2004-04-19,1000,15,45
97,2,잠실,E/L,외부#1,0065-637,B1(상가)~지상,6번출구측,2004-04-19,1000,15,45
98,2,잠실,E/L,외부#2,0089-517,B1(대)~지상,1번출구/2번출구측,2014-06-13,1000,15,
99,2,잠실새내,E/L,내부#1,0008-945,B2(승)~B1(대),외선7-3,2004-12-29,1000,15,45
100,2,잠실새내,E/L,내부#2,0008-946,B2(승)~B1(대),내선4-1,2004-05-24,1000,15,45
101,2,잠실새내,E/L,외부#1,0075-476,B1(대)~지상,7번출구측,2004-05-24,1000,15,45
102,2,잠실새내,E/L,외부#2,0008-670,B1(대)~지상,2번출구측,2011-02-08,1000,15,60
103,2,종합운동장,E/L,내부#1,0008-146,B2(승)~B1(대),외선2-4,2018-12-26,1000,15,45
104,2,종합운동장,E/L,내부#2,0008-147,B2(승)~B1(대),내선8-4,2004-06-17,1000,15,45
105,2,종합운동장,E/L,외부#1,0008-148,B1(대)~지상,6번출구측,2018-12-26,1000,15,45
106,2,삼성,E/L,내부#1,0007-844,B2(승)~B1(대),섬식(외)3-1,2004-04-20,600,9,45
107,2,삼성,E/L,외부#1,0007-843,B1(대)~지상,1번출구측,2005-02-15,1000,15,45
108,2,삼성,E/L,외부#2,0014-060,B1(대)~지상,6번출구측,2016-07-20,1000,15,60
109,2,삼성,E/L,외부#3,0075-477,B1(대)~지상,8번출구측,2004-11-15,1000,11,45
110,2,삼성,E/L,외부#4,0105-289,B1(대)~지상,4번출구측,2014-12-05,1000,15,60
111,2,선릉,E/L,외부#1,0066-856,B1(대)~지상,1번출구측,2003-10-01,1000,15,45
112,2,선릉,E/L,외부#2,0105-099,B1(대)~지상,5번출구측,2003-10-01,1000,15,45
113,2,선릉,E/L,외부#3,0072-904,B1(대)~지상,10번출구측,2014-03-03,1000,15,60
114,2,역삼,E/L,내부#1,0075-561,B2(승)~B1(대),외선7-3,2004-04-14,1000,15,45
115,2,역삼,E/L,내부#2,0075-562,B2(승)~B1(대),내선4-1,2004-04-14,1000,15,45
116,2,역삼,E/L,외부#1,0065-638,B1(대)~지상,3번출구측,2004-12-23,1000,11,45
117,2,역삼,E/L,외부#2,0075-563,B1(대)~지상,4번출구측,2005-11-17,750,11,45
118,2,강남,E/L,내부#1,0087-544,B2(승)~B1(대),외선8-1,2005-01-25,1000,15,45
119,2,강남,E/L,내부#2,0087-545,B2(승)~B1(대),내선3-4,2005-01-25,1000,15,45
120,2,강남,E/L,외부#1,0087-546,B1(상가)~지상,1번출구측,2005-05-19,1000,15,45
121,2,강남,E/L,외부#2,0087-547,B1(상가)~지상,10번출구측,2005-05-19,1000,15,45
122,2,교대(2),E/L,내부#1,0008-151,B2(승)~B1(대),외선8-4,2003-06-30,1000,15,60
123,2,교대(2),E/L,내부#2,0008-152,B2(승)~B1(대),내선3-1,2003-06-30,1000,15,60
124,2,교대(2),E/L,외부#1,0046-583,B1(대)~지상,5번출구측,2003-06-30,1000,15,60
125,2,서초,E/L,내부#1,0008-943,B2(승)~B1(대),외선2-4,2004-05-13,900,13,45
126,2,서초,E/L,내부#2,0008-944,B2(승)~B1(대),내선9-1,2004-05-13,900,13,45
127,2,서초,E/L,외부#1,0075-478,B1(대)~지상,1번출구측,2005-01-11,1000,15,45
128,2,서초,E/L,외부#2,0072-667,B1(대)~지상,4번출구,2014-04-28,1000,15,60
129,2,방배,E/L,내부#1,0008-947,B2(승)~B1(대),외선8-3,2004-10-27,750,11,45
130,2,방배,E/L,내부#2,0008-948,B2(승)~B1(대),내선3-1,2004-10-27,750,11,45
131,2,방배,E/L,외부#1,0046-582,B1(대)~지상,3번출구측,2004-12-20,1000,15,45
132,2,사당(2),E/L,내부#1,0091-437,B2(승)~B1(대),섬식(외)4-4,2003-05-12,1000,15,60
133,2,사당(2),E/L,외부#1,0091-438,B1(대)~지상,14번출구측,2003-12-30,1000,15,60
134,2,사당(2),E/L,외부#2,0098-381,B1(대)~지상,6번출구측,2014-02-10,1000,15,60
135,2,낙성대,E/L,내부#1,0020-064,B2(승)~B1(대),외선8-2,2004-05-10,1000,15,45
136,2,낙성대,E/L,내부#2,0020-065,B2(승)~B1(대),내선3-3,2004-05-10,1000,15,45
137,2,낙성대,E/L,외부#1,0020-066,B1(대)~지상,6번출구측,2005-04-15,1000,15,45
138,2,서울대입구,E/L,내부#1,0020-839,B2(승)~B1(대),섬식(외)6-3,2004-04-08,750,11,45
139,2,서울대입구,E/L,외부#1,0020-840,B1(대)~지상,6번출구측,2005-01-06,750,9,45
140,2,서울대입구,E/L,외부#2,0114-806,B1(대)~지상,2번출구측,2015-12-15,1000,15,
141,2,봉천,E/L,내부#1,0060-936,B2(승)~B1(대),섬식(외)6-3,2004-10-18,750,11,45
142,2,봉천,E/L,외부#1,0060-937,B1(대)~지상,4번출구측,2005-04-27,1000,15,45
143,2,신림,E/L,내부#1,0019-759,B2(승)~B1(대),섬식(외)4-4,2004-05-28,1000,15,45
144,2,신림,E/L,외부#1,0019-760,B1(대)~지상,1번출구측,2009-09-01,1000,15,60
145,2,신림,E/L,외부#2,0092-886,B1(대)~지상,5번출구측,2013-03-20,1000,15,45
146,2,신대방,E/L,내부#1,0020-955,F2(대)~F3(승),외선3-4,2004-07-16,750,11,45
147,2,신대방,E/L,내부#2,0020-956,F2(대)~F3(승),내선8-1,2004-07-16,750,11,45
148,2,신대방,E/L,외부#1,0020-957,지상~F2(대),1번출구측,2005-01-07,1000,15,45
149,2,구로디지털단지,E/L,내부#1,0019-757,지상~F2(대),외선3-4,2004-07-30,1000,11,45
150,2,구로디지털단지,E/L,내부#2,0019-758,F2(대)~F3(승),내선7-4,2004-07-30,750,11,45
151,2,구로디지털단지,E/L,외부#1,0019-756,F2(대)~F3(승),6번출구,2004-07-30,750,15,45
152,2,대림,E/L,외부#1,0060-928,지상~F2(대),7번출구측(육교),2014-05-26,1000,15,60
153,2,대림,E/L,외부#2,0060-927,지상~F2(대),4번출구측(육교),2009-11-26,1000,15,45
154,2,대림,E/L,내부1,0107-009,F2(대)~F3(승),외선3-2,2009-11-26,1000,15,45
155,2,대림,E/L,내부2,0060-929,F2(대)~F3(승),내선8-3,2009-11-26,1000,15,45
156,2(기타),대림별관,E/L,1,0092-247,1F~7F,대림별관입구측,2003-11-21,1000,15,60
157,2(기타),대림별관,E/L,2,0092-248,B2~7F,대림별관출구측,2003-11-21,1000,15,60
158,2(기타),대림별관,E/L,3,0092-249,1F~7F,대림별관출구측,2003-11-22,450,6,60
159,2,신도림,E/L,내부#1,0085-969,B2(승)~B1(대),섬식3-2,2013-02-01,1000,15,45
160,2,신도림,E/L,내부#2,0098-197,B2(승)~B1(대),섬식4-4,2014-06-30,1000,15,60
161,2,신도림,E/L,외부#1,0109-522,B1(대)~F1~F2,1번출입구,2015-06-13,1150,17,60
162,2,신도림,E/L,외부#2,0098-196,B1(대)~지상,2번출구측,2013-02-01,1000,15,45
163,2,도림천,E/L,내부#1,0022-597,B3(승)~B2(대),섬식(지)4-4,2004-07-30,750,11,45
164,2,도림천,E/L,외부#1,0022-596,B3(승)~B2(대)~B1(대),1~2번출구사이,2004-05-10,750,11,45
165,2,양천구청,E/L,내부#1,0020-959,B2(승)~B1(대),외선4-1,2004-11-17,750,11,45
166,2,양천구청,E/L,내부#2,0020-960,B2(승)~B1(대),내선3-3,2004-11-17,750,11,45
167,2,양천구청,E/L,외부#1,0020-958,B1(대)~지상,1번출구측,2004-10-20,1000,15,45
168,2(기타),신정차량기지,E/L,1,0029-268,F1~5,관리동,2008-01-31,900,13,60
169,2(기타),신정차량기지,E/L,2,0029-269,F1~5,관리동,2008-02-29,900,13,60
170,2(기타),신정차량기지,E/L,3,0062-174,F1~5,토목동,1997-07-04,750,11,60
171,2(기타),신정차량기지,E/L,4,0062-078,F1~3,정비동,2011-08-29,4000,-,20
172,2(기타),신정차량기지,E/L,5,0062-173,F1~3,정비동,2016-06-29,4000,-,20
173,2(기타),신정차량기지,E/L,6,1902-759,F1~5,관리동,1992-09-20,500,-,30
174,2,신정네거리,E/L,내부#1,0060-930,B3(승)~B2(대),외선4-1,2004-09-10,1000,15,45
175,2,신정네거리,E/L,내부#2,0060-931,B3(승)~B2(대),내선3-4,2004-09-10,1000,15,45
176,2,신정네거리,E/L,외부#1,0060-932,B2(대)~지상,2번~3번출구측,2004-12-22,750,11,45
177,2,문래,E/L,내부#1,0021-258,B2(승)~B1(대),외선7-4,2004-04-08,1000,15,45
178,2,문래,E/L,내부#2,0021-259,B2(승)~B1(대),내선4-1,2004-04-08,1000,15,45
179,2,문래,E/L,외부#1,0107-085,B1(대)~지상,5번출구,2014-07-09,1000,15,60
180,2,문래,E/L,외부#2,0133-667,B1(대)~지상,1번출구,2019-01-11,1000,15,75
181,2,영등포구청,E/L,내부#1,0021-255,B2(승)~B1(대),외선8-4,2003-06-30,1000,15,45
182,2,영등포구청,E/L,내부#2,0021-256,B2(승)~B1(대),내선3-1,2003-06-30,1000,15,60
183,2,영등포구청,E/L,외부#1,0021-254,B1(대)~지상,2번출구측,2003-05-12,1000,15,60
184,2,당산,E/L,내부#1,0020-068,F2(대)~F3(승),외선8-3,2004-12-21,750,11,45
185,2,당산,E/L,내부#2,0020-069,F2(대)~F3(승),내선3-2,2004-12-21,750,11,45
186,2,당산,E/L,외부#1,0020-067,지상~F2(대),4번출구측,2004-07-30,750,11,45
187,2,합정,E/L,내부#1,0073-427,B2(승)~B1(대),외선4-1,2014-07-24,1000,15,60
188,2,합정,E/L,내부#2,0042-092,B2(승)~B1(대),내선7-3,2015-08-11,1000,15,60
189,2,합정,E/L,외부#1,0103-758,B1(대)~지상,1번출구측,2004-05-13,1000,15,45
190,2,합정,E/L,외부#2,0073-978,B1(대)~지상,4번출구측,2014-11-01,1000,15,60
191,2,홍대입구,E/L,내부#1,0102-349,B2(승)~B1(대),섬식(외)7-2,2005-02-03,1000,15,45
192,2,홍대입구,E/L,외부#1,0102-350,B1(대)~지상,8번출구측,2005-03-16,1000,15,45
193,2,신촌,E/L,내부#1,0102-373,B2(승)~B1(대),외선8-4,2005-03-23,1000,15,45
194,2,신촌,E/L,내부#2,0102-374,B2(승)~B1(대),내선4-4,2005-03-23,1000,15,45
195,2,신촌,E/L,외부#1,0039-954,B1(대)~지상,4번출구측,2005-11-07,1000,15,45
196,2,신촌,E/L,외부#2,0127-889,B1(대)~지상,6번출구,2017-11-16,1000,15,45
197,2,이대,E/L,내부#1,0102-372,B2(승)~B1(대),섬식(외)2-2,2004-12-23,750,11,30
198,2,이대,E/L,외부#1,0042-093,B1(대)~지상,6번출구측,2005-12-15,1000,15,45
199,2,아현,E/L,내부#1,0102-369,B2(승)~B1(대),외선7-2,2005-05-13,1000,15,45
200,2,아현,E/L,내부#2,0102-370,B2(승)~B1(대),내선4-3,2005-05-13,1000,15,45
201,2,아현,E/L,외부#1,0042-109,B1(대)~지상,3번출구측,2005-01-03,1000,15,45
202,2,아현,E/L,외부#2,0129-011,B1(대)~지상,1번출구측,2018-05-01,1000,15,75
203,2,충정로,E/L,내부#1,0039-953,B3(승)~B2(대),섬식(외)2-1,2002-10-09,900,13,60
204,2,충정로,E/L,외부#1,0105-868,B2(대)~지상,5번출구측,2004-11-23,600,9,45
205,3,지축,E/L,내부#1,2040-730,1F(대)~2F(승),섬식(상)2-1,2011-08-25,1000,15,45
206,3,구파발,E/L,내부#1,0081-259,B2(승)~B1(대),섬식(상)5-3,2004-04-16,1000,15,45
207,3,구파발,E/L,외부#1,0081-260,B1(대)~지상,1번출구측,2004-06-11,1000,15,45
208,3,연신내,E/L,내부#1,0102-345,B2(승)~B1(대),섬식(상)6-1,2004-04-28,1000,15,45
209,3,불광,E/L,내부#1,0039-994,B2(승)~B1(대),상행3-3,2004-04-28,750,11,45
210,3,불광,E/L,내부#2,0002-833,B2(승)~B1(대),하행8-2,2004-04-28,750,11,45
211,3,불광,E/L,외부#1,0102-055,B1(대)~지상,1번출구측,2014-05-26,1000,15,60
212,3,녹번,E/L,내부#1,0102-399,B2(승)~B1(대),섬식(상)3-1,2005-02-21,1000,15,45
213,3,녹번,E/L,외부#1,0080-695,B1(대)~지상,3번출구측,2005-04-07,1000,15,45
214,3,녹번,E/L,외부#2,0127-909,B1(대)~지상,1번출구,2017-12-26,1150,17,45
215,3,홍제,E/L,내부#1,0102-346,B3(승)~B2(대),섬식(상)3-4,2005-02-03,750,11,45
216,3,홍제,E/L,외부#1,0039-995,B2(대)~지상,4번출구측,2005-07-19,750,11,45
217,3,홍제,E/L,외부#2,0073-438,B1(대)~지상,1번출구측,2013-12-05,1000,15,60
218,3,무악재,E/L,내부#1,0082-061,B3(승)~B2(대),상행3-3,2005-02-22,750,11,45
219,3,무악재,E/L,내부#2,0082-062,B3(승)~B2(대),하행8-2,2005-02-22,750,11,45
220,3,무악재,E/L,외부#1,0082-063,B2(대)~지상,1번출구측,2005-04-08,750,11,45
221,3,독립문,E/L,내부#1,0039-996,B3(승)~B2(대),섬식(상)9-1,2004-05-20,1000,15,45
222,3,독립문,E/L,외부#1,0102-347,B2(대)~지상,4번출구측,2004-12-31,1000,15,45
223,3,경복궁,E/L,내부#1,0000-388,B3(승)~B2(대),섬식(상)6-2,2005-03-16,1000,11,45
224,3,경복궁,E/L,외부#1,0000-719,B2(대)~지상,4번출구측,2005-07-22,1000,15,45
225,3,안국,E/L,내부#1,0000-591,B3(승)~B2(대),섬식(상)3-2,2004-04-19,1000,15,45
226,3,안국,E/L,외부#1,0000-592,B2(대)~지상,6번출구측,2006-06-07,1000,15,45
227,3,종로3가(3),E/L,내부#1,0125-744,대합실⇔승강장,지축방향4-3/오금방향7-1,2018-01-16,1000,15,45
228,3,종로3가(3),E/L,외부#1,0125-743,대합실⇔8번출구,8번출구,2018-01-16,1000,15,45
229,3,을지로3가(3),E/L,내부#1,0040-427,B3(승)~B2(대)~B1(대),섬식(상)6-3,2005-05-27,750,15,45
230,3,을지로3가(3),E/L,외부#1,0040-428,B1(대)~지상,10번출구측,2005-05-27,1000,11,45
231,3,동대입구,E/L,내부#1,0003-046,B3(승)~B2(대),섬식(상)3-3,2004-11-17,1000,15,45
232,3,동대입구,E/L,내부#2,0118-605,B2(대)~B1(대),,2016-07-22,1000,16,45
233,3,동대입구,E/L,외부#1,0102-299,B2(대)~지상,6번출구측,2004-05-07,1000,15,45
234,3,약수,E/L,내부#1,0102-482,B2(승)~B1(대),섬식(상)8-4,2004-04-28,1000,15,45
235,3,약수,E/L,외부#1,0073-377,B1(대)~지상,3번출구측,2014-07-14,1000,15,60
236,3,금호,E/L,내부#1,0102-309,B2(승)~B1(대),섬식(상)3-2,2005-03-09,1000,15,45
237,3,금호,E/L,외부#1,0041-329,B1(대)~지상,2번출구측,2005-03-09,1000,15,45
238,3,금호,E/L,외부#3,0145-645,B1(대)~지상,3번출구측,2020-06-26,1000,15,45
239,3,옥수,E/L,내부#1,0074-036,F2(대)~F3(승),상행10-1,2014-11-11,1000,15,60
240,3,옥수,E/L,내부#2,0074-037,F2(대)~F3(승),하행1-2,2014-11-11,1000,15,60
241,3,옥수,E/L,외부#1,0040-429,지상~F2(대),4-5번출구사이,2015-10-08,900,15,45
242,3,압구정,E/L,내부#1,0033-201,B2(승)~B1(대),상행8-2,2018-12-26,750,11,45
243,3,압구정,E/L,내부#2,0033-202,B2(승)~B1(대),하행3-2,2018-12-26,750,11,45
244,3,압구정,E/L,외부#1,0137-278,B1(대)~지상,3번출구측,2019-06-19,1000,15,45
245,3,압구정,E/L,외부#2,0108-323,B1(대)~지상,2번출구측,2015-05-01,1000,15,60
246,3,신사,E/L,내부#1,0049-398,B2(승)~B1(대),상행3-1,2004-08-20,1000,15,45
247,3,신사,E/L,내부#2,0049-407,B2(승)~B1(대),하행8-3,2004-08-20,1000,15,45
248,3,신사,E/L,외부#1,0099-799,B1(대)~지상,1번출구측,2005-02-04,1000,15,45
249,3,신사,E/L,외부#2,0110-416,B1(대)~지상,8번출구측,2015-01-09,1000,15,60
250,3,잠원,E/L,내부#1,0033-321,B2(승)~B1(대),상행3-3,2004-08-17,1000,11,45
251,3,잠원,E/L,내부#2,0035-271,B2(승)~B1(대),하행8-2,2004-08-17,1000,11,45
252,3,잠원,E/L,외부#1,0033-320,B1(대)~지상,1번출구측,2004-08-17,1000,15,45
253,3,고속터미널,E/L,내부#1,0033-322,B3(승)~B2(대),상행8-2,2004-04-08,1000,15,45
254,3,고속터미널,E/L,내부#2,0033-323,B3(승)~B2(대),하행3-3,2004-04-08,1000,15,45
255,3,교대(3),E/L,내부#1,0035-270,B3(승)~B2(대)~B1(대),섬식(상)4-2,2017-12-19,1000,15,60
256,3,남부터미널,E/L,내부#1,0101-445,B3(승)~B2(대),상행3-2,2004-04-17,1000,15,45
257,3,남부터미널,E/L,내부#2,0101-446,B3(승)~B2(대),하행8-2,2004-04-17,1000,15,45
258,3,남부터미널,E/L,외부#1,0093-684,B2(대)~지상,5번출구측,2005-04-29,1000,15,45
259,3,양재,E/L,내부#1,0099-778,B2(승)~B1(대),상행3-1,2016-10-07,750,11,60
260,3,양재,E/L,내부#2,0099-779,B2(승)~B1(대),하행8-4,2017-12-19,750,11,60
261,3,양재,E/L,외부#1,0110-414,B1(대)~지상,4번출구측,2016-10-07,1000,15,60
262,3,양재,E/L,외부#2,0099-776,B1(대)~지상,11번출구측,2000-11-01,1000,15,45
263,3,매봉,E/L,내부#1,0033-324,B2(승)~B1(대),상행5-4,2004-04-29,1000,13,45
264,3,매봉,E/L,내부#2,0033-325,B2(승)~B1(대),하행6-1,2004-04-29,1000,15,45
265,3,매봉,E/L,외부#1,0035-269,B1(대)~지상,1번출구측,2004-07-30,900,15,45
266,3,대치,E/L,내부#1,0033-207,B4(승)~B2(대)~B1(대),섬식(상)1-1,2004-05-12,1000,15,45
267,3,대치,E/L,외부#1,0099-954,B1(대)~지상,7번출구측,2005-03-16,1000,15,45
268,3,학여울,E/L,내부#1,0033-368,B5(승)~B4(대),상행5-4,2004-04-29,1000,15,45
269,3,학여울,E/L,내부#2,0033-369,B5(승)~B4(대),하행6-1,2004-04-29,1000,15,45
270,3,학여울,E/L,외부#1,0105-142,B4(대)~B2(대)~B1(대)~지상,1번출구측,2018-11-19,1000,15,60
271,3,대청,E/L,내부#1,0035-268,B3(승)~B2(대),상행4-4,2004-06-10,1000,15,45
272,3,대청,E/L,내부#2,0035-267,B3(승)~B2(대),하행7-1,2004-06-10,1000,15,45
273,3,대청,E/L,외부#1,0035-266,B2(대)~지상,8번출구측,2004-06-10,1000,15,45
274,3,일원,E/L,내부#1,0035-326,B3(승)~B2(대),상행6-3,2004-06-09,1000,15,45
275,3,일원,E/L,내부#2,0035-327,B3(승)~B2(대),하행5-2,2004-06-09,1000,15,45
276,3,일원,E/L,외부#2,0125-974,B2(대)~지상,1번출구측,2017-12-12,1150,17,60
277,3,일원,E/L,외부#3,0125-975,B2(대)~지상,1번출구측,2017-12-12,1150,17,60
278,3,수서,E/L,내부#1,0033-205,B2(승)~B1(대),상행8-3,2003-06-30,600,9,60
279,3,수서,E/L,내부#2,0033-206,B2(승)~B1(대),하행3-2,2003-06-30,1000,15,60
280,3,수서,E/L,외부#1,0033-203,B1(대)~지상,1번출구측,2003-05-12,1000,15,60
281,3,수서,E/L,외부#2,0115-093,B1(대)~지상,5번출구,2016-12-16,1150,17,60
282,3,가락시장,E/L,내부#1,0100-025,B4(승)~B2(대),상행8-2,2010-02-18,1000,15,60
283,3,가락시장,E/L,내부#2,0100-026,B4(승)~B2(대),하행3-2,2010-02-18,1000,15,60
284,3,가락시장,E/L,외부#1,0100-027,B2(대)~지상,7번출구측,2010-02-18,1000,15,60
285,3,경찰병원,E/L,내부#1,0099-889,B3(승)~B1(대),상행4-2,2010-02-18,1000,15,60
286,3,경찰병원,E/L,내부#2,0099-890,B3(승)~B1(대),하행7-3,2010-02-18,1000,15,60
287,3,경찰병원,E/L,외부#1,0099-887,B1(대)~지상,1번출구측,2010-02-18,1000,15,60
288,3,경찰병원,E/L,외부#2,0099-888,B1(대)~지상,3번출구측,2018-12-07,1000,15,60
289,3,오금,E/L,내부#1,0099-955,B4(승)~B1(대),상행5-1,2010-02-18,1000,15,60
290,3,오금,E/L,내부#2,0099-956,B4(승)~B1(대),하행6-4,2010-02-18,1000,15,60
291,3,오금,E/L,외부#1,0099-957,B1(대)~지상,1번출구측,2010-02-18,1000,15,60
292,4,당고개,E/L,내부#1,0085-252,F2(대)~F3(승),상행6-1,2005-04-02,1000,15,45
293,4,당고개,E/L,내부#2,0085-253,F2(대)~F3(승),하행5-4,2005-04-02,1000,15,45
294,4,당고개,E/L,외부#1,0085-251,지상~F2(대),1-4번출구사이,2005-04-02,1000,15,45
295,4,상계,E/L,외부#1,0085-254,F1(지상)~F2(대),1-2번출구측,2005-07-25,1000,15,45
296,4,노원,E/L,내부#1,0085-261,F2(대)~F3(승),상행8-4,2010-03-12,1000,15,45
297,4,노원,E/L,내부#2,0085-262,F2(대)~F3(승),하행3-1,2010-03-12,1000,15,45
298,4,노원,E/L,외부#1,0095-391,지상~F2(대),2번출구측,2002-09-12,1000,15,45
299,4,노원,E/L,외부#2,0086-473,지상~F2(대),9번출구측,2002-09-12,1000,15,45
300,4,창동,E/L,내부#1,0125-527,F2(대)~F3(승),상행(당고개방향)2-4,2017-10-12,,15,
301,4,창동,E/L,내부#2,0125-524,F2(대)~F3(승),상행(당고개방향)8-2/8-3,2017-10-12,,15,
302,4,창동,E/L,내부#3,0125-525,F2(대)~F3(승),하행(남태령방향)8-4/9-1,2017-10-12,1000,15,60
303,4,창동,E/L,내부#4,0125-526,F2(대)~F3(승),하행(남태령방향)3-2,2017-10-12,1000,15,45
304,4,창동,E/L,외부#1,0028-004,지상~F2(대),1번출구측,2002-09-12,1000,15,60
305,4,창동,E/L,외부#2,0028-005,지상~F2(대),2번출구측,2002-09-12,1000,15,45
306,4,쌍문,E/L,내부#1,0085-219,B2(승)~B1(대),상행8-4,2004-04-27,1000,15,45
307,4,쌍문,E/L,내부#2,0085-220,B2(승)~B1(대),하행3-1,2004-04-27,1000,15,45
308,4,쌍문,E/L,외부#1,0028-002,B1(대)~지상,1번출구측,2004-08-27,1000,15,45
309,4,수유,E/L,내부#1,0085-196,B2(승)~B1(대),상행7-1,2004-04-27,750,15,45
310,4,수유,E/L,내부#2,0085-197,B2(승)~B1(대),하행4-4,2004-04-27,750,15,45
311,4,수유,E/L,외부#1,0019-375,B1(대)~지상,1-2번출구사이,2004-11-03,1000,15,45
312,4,미아,E/L,내부#1,0085-194,B2(승)~B1(대),상행8-2,2004-05-07,900,11,45
313,4,미아,E/L,내부#2,0085-195,B2(승)~B1(대),하행3-4,2004-05-07,900,11,45
314,4,미아,E/L,외부#1,0019-374,B1(대)~지상,1-2번출구사이,2004-11-06,1000,15,45
315,4,미아사거리,E/L,내부#1,0019-373,B2(승)~B1(대),상행3-1,2004-12-23,900,13,45
316,4,미아사거리,E/L,내부#2,0019-372,B2(승)~B1(대),하행8-3,2004-12-23,900,13,45
317,4,길음,E/L,내부#1,0055-620,B2(승)~B1(대),섬식(상)6-1,2005-03-07,1000,15,45
318,4,길음,E/L,외부#1,0055-621,B1(대)~지상,5번출구측,2005-02-15,1000,15,45
319,4,길음,E/L,외부#2,0028-290,B1(대)~지상,3-4번출구사이,2012-05-31,1000,15,45
320,4,성신여대입구,E/L,내부#1,0055-622,B2(승)~B1(대),상행8-2,2005-01-13,750,11,45
321,4,성신여대입구,E/L,내부#2,0055-623,B2(승)~B1(대),하행3-4,2005-01-13,750,11,45
322,4,성신여대입구,E/L,외부#1,0056-491,B1(대)~지상,2번출구측,2005-04-08,1000,15,45
323,4,성신여대입구,E/L,외부#2,0028-003,B1(대)~지상,3번출구측,2009-01-14,750,11,60
324,4,한성대입구,E/L,내부#1,0055-618,B2(승)~B1(대),섬식(상)6-1,2005-02-25,1000,15,45
325,4,한성대입구,E/L,외부#1,0055-619,B1(대)~지상,3-4번출구사이,2005-02-25,1000,15,45
326,4,한성대입구,E/L,외부#2,0095-380,B1(대)~지상,5번출구측,2014-07-29,1000,15,60
327,4,혜화,E/L,내부#1,0000-911,B2(승)~B1(대),상행7-4,2016-11-29,750,11,60
328,4,혜화,E/L,내부#2,0000-910,B2(승)~B1(대),하행3-4,2016-11-02,750,11,60
329,4,혜화,E/L,외부#1,0000-908,B1(대)~지상,2번출구측,2000-11-01,750,11,45
330,4,혜화,E/L,외부#2,0000-909,B1(대)~지상,3번출구측,2000-11-01,1000,15,45
331,4,동대문(4),E/L,내부#1,0000-523,B4(승)~B1(대),섬식(상)6-3,2003-12-23,1000,15,60
332,4,동대문(4),E/L,외부#1,0000-524,B1(대)~지상,9번출구측,2010-03-15,1000,15,45
333,4,동대문역사문화공원(4),E/L,내부#1,0039-975,B3(승)~B1(대),섬식(상)4-4,2002-10-09,900,13,60
334,4(기타),동대문별관,E/L,1,0038-528,B3~11,동대문별관,2007-05-25,1000,14,90
335,4(기타),동대문별관,E/L,2,0038-529,B4~11,동대문별관,2007-05-25,1000,15,90
336,4(기타),동대문별관,E/L,3,0038-530,B4~11,동대문별관,2007-07-13,680,15,90
337,4,충무로(4),E/L,내부#1,0003-715,B3(승)~B1(대),상행8-1,2004-04-26,1000,15,45
338,4,충무로(4),E/L,내부#2,0003-714,B3(승)~B1(대),하행3-3,2004-04-26,1000,15,45
339,4,충무로(4),E/L,외부#1,0040-481,B1(대)~지상,7번출구,2004-07-01,600,9,45
340,4,명동,E/L,외부#1,0111-744,B1(대)~지상,1번출구,2015-11-09,1000,15,60
341,4,회현,E/L,내부#1,0003-716,B4(승)~B2(대)~B1(대),섬식(상)10-1,2005-04-09,1000,15,60
342,4,회현,E/L,외부#1,0120-838,B1(대)~지상,지상도로중앙,2017-05-20,1000,15,45
343,4,서울(4),E/L,내부#1,0003-773,B2(승)~B1(대),섬식(상)9-1,2004-03-02,1000,15,45
344,4,서울(4),E/L,외부#1,0040-482,B1(대)~지상,12번출구,2015-05-29,900,13,60
345,4,숙대입구,E/L,내부#1,0003-771,B2(승)~B1(대),상행8-1,2004-04-27,1000,15,45
346,4,숙대입구,E/L,내부#2,0003-772,B2(승)~B1(대),하행3-3,2004-04-27,1000,15,45
347,4,숙대입구,E/L,외부#1,0102-480,B1(대)~지상,10번출구,2005-02-04,1000,15,45
348,4,삼각지,E/L,내부#1,0051-245,B2(승)~B1(대),상행4-3,2015-08-17,1000,15,60
349,4,삼각지,E/L,내부#2,0051-246,B2(승)~B1(대),하행7-2,2015-10-07,1000,15,60
350,4,삼각지,E/L,외부#1,0073-386,B1(대)~지상,1-2번출구사이,2014-07-16,1000,15,60
351,4,삼각지,E/L,외부#2,0073-707,B1(대)~지상,5-6번출구사이,2014-09-05,1000,15,60
352,4,삼각지,E/L,외부#3,0136-819,B1(대)~지상,3번출구,2019-04-10,1000,15,60
353,4,신용산,E/L,내부#1,0102-379,B1(승)~B2(대),상행8-2,2005-03-21,1000,15,45
354,4,신용산,E/L,내부#2,0102-380,B1(승)~B2(대),하행3-2,2005-03-21,1000,15,45
355,4,신용산,E/L,외부#1,0127-849,B2(승)~지상,1번출구,2017-10-25,1350,20,60
356,4,신용산,E/L,외부#2,0120-390,B1(대)~지상,4번출구,2017-03-29,1000,15,60
357,4,이촌,E/L,내부#1,0003-769,B2(승)~B1(대),상행8-1,2004-04-28,1000,15,45
358,4,이촌,E/L,내부#2,0003-770,B2(승)~B1(대),하행3-3,2004-04-28,1000,15,45
359,4,이촌,E/L,외부#1,0102-381,B1(승)~지상,1번출구측,2009-01-14,1000,15,60
360,4,이촌,E/L,외부#2,0084-010,B1(승)~지상,2번출구측,2013-01-09,1150,17,60
361,4,동작,E/L,내부#1,0097-625,F2(대)~F3(승),상행7-4,2004-07-06,750,11,45
362,4,동작,E/L,내부#2,0031-516,F1(대)~F2(대)~F3(승),하행4-4,2010-03-19,750,11,45
363,4,총신대입구,E/L,내부#1,0031-512,B2(승)~B1(대),상행7-3,2015-06-02,1000,15,45
364,4,총신대입구,E/L,내부#2,0031-513,B2(승)~B1(대),하행8-3,2015-08-07,1000,15,45
365,4,총신대입구,E/L,외부#1,0110-215,B1(대)~지상,1번출구측,2014-08-15,1000,15,60
366,4,총신대입구,E/L,외부#2,0031-515,B1(대)~지상,14번출구측,2015-06-02,1000,15,60
367,4,사당(4),E/L,내부#1,0097-112,B3(승)~B2(대)~B1(대),섬식(상)09-2,2003-05-12,900,13,60
368,4,사당(4),E/L,외부#1,0031-517,B1(대)~지상,9-10번출구사이,2004-07-30,1000,15,45
369,4(기타),사당별관,E/L,1,0099-378,B1(승)~F6(대),사당별관,2005-10-20,1600,24,90
370,4(기타),사당별관,E/L,2,0099-379,B1(승)~F7(대),사당별관,2005-09-28,1600,24,90
371,4(기타),사당별관,E/L,3,0099-380,B1(승)~F7(대),사당별관,2005-10-20,1600,24,90
372,4,남태령,E/L,내부#1,0099-926,B3(대)~B2(대),섬식(상)3-3,2005-12-15,750,11,30
373,4,남태령,E/L,내부#2,0099-927,B2(대)~B1(대),1번출구측,2005-12-15,1000,15,45
374,4,남태령,E/L,외부#1,0099-928,B1(대)~지상,2번출구측,2005-12-15,1000,15,45
375,5,방화,E/L,1,0097-206,B1-B2,내부,2004-04-03,750,11,45
376,5,방화,E/L,2,0097-207,B1-B2,내부,2004-04-03,750,11,45
377,5,방화,E/L,3,0031-396,F1-B1,외부,2004-12-28,1000,15,45
378,5,개화산,E/L,1,0059-336,F1-B2,외부,2016-01-13,1600,24,60
379,5,개화산,E/L,2,0059-337,F1-B2,외부,2016-01-15,1000,15,60
380,5,김포공항,E/L,1,0091-364,B2-B3,내부,2012-11-19,1000,15,45
381,5,김포공항,E/L,2,0091-365,B2-B3,내부,2012-11-19,1000,15,45
382,5,김포공항,E/L,3,0059-576,F1-B1,외부,2011-10-26,,24,45
383,5,송정,E/L,1,0097-632,B2-B3,내부,2004-09-23,1000,15,45
384,5,송정,E/L,2,0097-633,B2-B3,내부,2004-09-23,1000,15,45
385,5,송정,E/L,3,0097-634,F1-B2,외부,2005-04-11,1000,15,60
386,5,송정,E/L,4,0097-635,F1-B1,외부,2011-03-15,1000,15,60
387,5,마곡,E/L,1,0059-348,B1-B2,내부,2009-11-20,1005,15,45
388,5,마곡,E/L,2,0059-349,B1-B2,내부,2009-11-20,1005,15,45
389,5,마곡,E/L,3,0059-350,F1-B1,외부,2009-11-20,1005,15,45
390,5,마곡,E/L,4,0115-890,F1-B1,외부,2016-01-25,1600,24,60
391,5,마곡,E/L,5,0144-531,F1-B1,외부,2020-09-17,1600,21,45
392,5,마곡,E/L,6,0144-546,F1-B1,외부,2020-09-25,1600,21,45
393,5,발산,E/L,1,0097-201,B1-B2,내부,2004-04-03,1000,15,45
394,5,발산,E/L,2,0097-202,B1-B2,내부,2004-04-03,1000,15,45
395,5,발산,E/L,3,0097-203,F1-B1,외부,2004-12-03,1000,15,45
396,5,우장산,E/L,1,0059-338,B1-B2,내부,2004-11-16,1000,15,45
397,5,우장산,E/L,2,0059-339,B1-B2,내부,2004-11-16,1000,15,45
398,5,우장산,E/L,3,0059-340,F1-B1,외부,2008-02-27,1000,15,60
399,5,화곡,E/L,1,0073-248,B1-B2,내부,2004-09-23,750,11,45
400,5,화곡,E/L,2,0031-395,F1-B1,외부,2005-08-04,1000,15,60
401,5,까치산,E/L,1,0061-703,B1-B4,내부,2012-07-17,1000,15,45
402,5,신정,E/L,1,0097-211,B2-B3,내부,2004-12-03,750,11,45
403,5,신정,E/L,2,0097-212,B2-B3,내부,2004-12-03,750,11,45
404,5,목동,E/L,1,0059-308,B1-B2,내부,2004-12-24,1000,15,45
405,5,목동,E/L,2,0059-309,B1-B2,내부,2004-12-24,1000,15,45
406,5,목동,E/L,3,0031-394,F1-B1,외부,2005-08-04,1000,15,45
407,5,오목교,E/L,1,0059-198,B1-B3,내부,2011-11-15,1000,15,45
408,5,오목교,E/L,2,0058-164,B1-B3,내부,2011-09-09,1000,15,45
409,5,오목교,E/L,3,0059-199,F1-B1,외부,2009-12-28,1005,15,45
410,5,양평,E/L,1,0059-371,B1-B5,내부,2004-12-28,1000,15,45
411,5,양평,E/L,2,0059-372,B4-B5,내부,2004-12-28,1000,15,45
412,5,양평,E/L,3,0097-663,F1-B1,외부,2005-05-19,1000,15,60
413,5,영등포구청,E/L,1,0097-661,F1-B5,외부,2015-12-26,1000,15,60
414,5,영등포구청,E/L,2,0097-662,B4-B5,내부,2003-06-11,1000,15,45
415,5,영등포구청,E/L,3,0109-790,B4-B5,내부,2015-11-24,1000,15,45
416,5,영등포시장,E/L,1,0059-374,B5-B6,내부,2005-04-28,1000,15,45
417,5,영등포시장,E/L,2,0059-373,B1-B6,내부,2005-04-28,1000,15,60
418,5,영등포시장,E/L,3,0148-101,B1-F1,내부,2020-10-27,1600,21,60
419,5,신길,E/L,1,0031-300,B3-B4,내부,2002-08-01,1000,15,60
420,5,신길,E/L,2,0031-312,B3-B4,내부,2002-08-01,1000,15,60
421,5,신길,E/L,3,0031-311,F1-B2,외부,2002-11-20,1000,15,60
422,5,신길,E/L,4,0109-789,B3-B4,내부,2015-11-24,1000,15,45
423,5,신길,E/L,5,0140-313,B3-B4,내부,2020-02-05,,,45
424,5,신길,E/L,6,0143-173,B1-B3,내부,2020-02-28,,,30
425,5,여의도,E/L,1,0058-165,B1-B4,내부,2011-09-09,1000,15,45
426,5,여의도,E/L,2,0021-285,B1-B4,내부,2012-04-06,1000,15,45
427,5,여의나루,E/L,1,0097-671,B1-B5,내부,2005-02-03,1000,15,60
428,5,여의나루,E/L,2,0097-673,BM1-B1,내부,2006-05-19,750,11,30
429,5,여의나루,E/L,3,0097-672,F1-BM1,외부,2006-05-19,1000,15,45
430,5,마포,E/L,1,0040-716,B1-B5,내부,2004-09-30,1000,15,45
431,5,마포,E/L,2,0040-717,F1-B1,외부,2005-05-09,1000,15,60
432,5,공덕,E/L,1,0102-136,B1-B3,내부,2016-01-19,1000,15,60
433,5,공덕,E/L,2,0102-137,F1-B1,외부,2008-12-01,1000,15,60
434,5,애오개,E/L,1,0102-183,B3-B4,내부,2005-04-28,1000,15,45
435,5,애오개,E/L,2,0102-184,B3-B4,내부,2005-04-28,1000,15,45
436,5,애오개,E/L,3,0102-185,B1-B3,내부,2005-05-19,1000,15,45
437,5,애오개,E/L,4,0040-267,F1-B1,외부,2005-05-19,1000,15,45
438,5,애오개,E/L,5,0051-370,F1-B1,외부,2012-08-16,1600,24,45
439,5,충정로,E/L,1,0040-426,B1-B5,내부,2002-11-18,1000,15,60
440,5,충정로,E/L,2,0102-186,F1-B1,외부,2004-01-29,1000,15,45
441,5,서대문,E/L,1,0000-441,B1-B4,내부,2005-02-03,1000,15,45
442,5,서대문,E/L,2,0000-442,F1-B1,외부,2005-04-11,1000,15,60
443,5,서대문,E/L,3,0000-443,F1-BM1,외부,2011-01-31,1000,15,60
444,5,광화문,E/L,1,0000-732,F1-B2,외부,2011-03-29,1000,15,45
445,5,광화문,E/L,2,0139-079,B2-B4,내부,2019-08-29,1000,15,45
446,5,종로3가,E/L,1,0114-148,B1-B4,내부,2016-01-22,1000,15,60
447,5,을지로4가,E/L,1,0113-923,B1-B5,내부,2015-11-24,1000,15,45
448,5,동대문역사문화공원,E/L,1,0103-496,B1-B4,내부,2010-12-29,1000,15,45
449,5,동대문역사문화공원,E/L,2,0113-922,B1-B5,내부,2015-11-24,1000,15,45
450,5,신금호,E/L,1,0102-334,B2-B8,내부,2016-01-18,1600,24,60
451,5,신금호,E/L,2,0102-335,B2-B8,내부,2016-01-18,1600,24,60
452,5,신금호,E/L,3,0102-619,F1-B2,외부,2010-11-25,1000,15,45
453,5,행당,E/L,1,0103-811,B3-B5,내부,2004-04-09,1000,15,45
454,5,행당,E/L,2,0103-812,B4-B5,내부,2004-04-09,1000,15,45
455,5,행당,E/L,3,0040-489,F1-B3,외부,2004-10-29,1000,15,45
456,5,왕십리,E/L,1,2133-670,F1-B4,외부,2016-01-09,1000,15,60
457,5,왕십리,E/L,2,0103-813,B4-B5,내부,2004-03-23,1000,15,45
458,5,왕십리,E/L,3,0103-814,B4-B5,내부,2004-03-23,1000,15,45
459,5,마장,E/L,1,0103-825,B2-B3,내부,2004-04-09,1000,15,45
460,5,마장,E/L,2,0103-826,B2-B3,내부,2004-04-09,1000,15,45
461,5,마장,E/L,3,0124-543,B2-1F,외부,2017-12-30,,,60
462,5,답십리,E/L,1,0104-440,B2-B3,내부,2004-04-09,1000,15,45
463,5,답십리,E/L,2,0104-441,B2-B3,내부,2004-04-09,1000,15,45
464,5,답십리,E/L,3,0039-063,F1-B2,외부,2005-08-04,1000,15,45
465,5,답십리,E/L,4,0104-442,F1-B2,외부,2012-01-30,1000,15,45
466,5,장한평,E/L,1,0028-329,B2-B3,내부,2004-05-03,1000,15,45
467,5,장한평,E/L,2,0028-330,F1-B2,외부,2005-04-28,1000,15,45
468,5,장한평,E/L,3,0084-228,F1-B2,외부,2012-11-21,1600,24,45
469,5,군자,E/L,1,0028-991,B1-B3,내부,2002-08-01,1000,15,60
470,5,군자,E/L,2,0028-260,B1-B3,내부,2002-08-01,1000,15,60
471,5,군자,E/L,3,0094-110,F1-B1,외부,2004-12-28,1000,15,45
472,5,아차산,E/L,1,0027-016,B1-B3,내부,2011-03-18,1000,15,45
473,5,아차산,E/L,2,0028-339,B1-B3,내부,2011-01-10,1000,15,45
474,5,아차산,E/L,3,0094-109,F1-B1,외부,2016-01-13,1000,15,60
475,5,광나루,E/L,1,0028-404,B2-B3,내부,2004-04-03,1000,15,45
476,5,광나루,E/L,2,0028-405,B2-B3,내부,2004-04-03,1000,15,45
477,5,광나루,E/L,3,0028-406,F1-B2,외부,2005-04-28,900,13,45
478,5,광나루,E/L,4,0093-984,F1-B1,외부,2013-11-13,1600,24,45
479,5,천호,E/L,1,0066-068,F1-BM1,외부,2009-08-21,900,13,60
480,5,천호,E/L,2,0045-888,B1-B3,내부,2004-09-30,1000,15,45
481,5,천호,E/L,3,0112-626,B2-B3,내부,2003-06-11,1000,15,60
482,5,천호,E/L,4,0075-646,B2-B3,내부,2003-06-11,1000,15,60
483,5,강동,E/L,1,0078-217,B3-B4,내부,2004-04-09,1000,15,45
484,5,강동,E/L,2,0012-496,F1-B3,외부,2005-04-11,1000,15,45
485,5,길동,E/L,1,0008-835,B2-B3,내부,2004-03-23,1000,15,60
486,5,길동,E/L,2,0008-836,B2-B3,내부,2004-03-23,1000,15,45
487,5,길동,E/L,3,0077-502,B1-BM2,내부,2004-12-28,1000,15,45
488,5,굽은다리,E/L,1,0011-271,B1-B2,내부,2012-10-30,1000,15,45
489,5,굽은다리,E/L,2,0011-272,B1-B2,내부,2012-12-11,1000,15,45
490,5,굽은다리,E/L,3,0011-273,F1-B1,외부,2008-06-30,1150,17,60
491,5,명일,E/L,1,0008-833,B1-B2,내부,2004-03-23,1000,15,45
492,5,명일,E/L,2,0008-834,B1-B2,내부,2004-03-23,1000,15,45
493,5,명일,E/L,3,0089-691,F1-B1,외부,2005-12-29,750,11,45
494,5,고덕,E/L,1,0012-583,B1-B2,내부,2012-05-22,1000,15,45
495,5,고덕,E/L,2,0056-958,B1-B2,내부,2012-07-19,1000,15,45
496,5,고덕,E/L,3,0077-286,F1-B1,외부,2016-01-16,1000,15,60
497,5,고덕,E/L,4,0056-959,F1-B1,외부,2012-02-14,1600,24,45
498,5,상일동,E/L,1,0137-763,F1-B2,외부,2019-09-27,1000,15,60
499,5,상일동,E/L,2,0137-764,F1-B3,외부,2019-09-27,1000,15,60
500,5(연),미사,E/L,1,2231-268,B2-B1,내부,,,,60
501,5(연),미사,E/L,2,2231-269,B2-B1,내부,,,,60
502,5(연),미사,E/L,3,2231-270,B1-F1,외부,,,,60
503,5(연),미사,E/L,4,2231-271,B1-F1,외부,,,,60
504,5(연),하남풍산,E/L,1,2229-180,B2-B1,내부,,,,60
505,5(연),하남풍산,E/L,2,2229-179,B2-B1,내부,,,,60
506,5(연),하남풍산,E/L,3,2229-181,B1-F1,외부,,,,60
507,5(연),하남풍산,E/L,4,2229-182,B1-F1,외부,,,,60
508,5(연),하남풍산,E/L,5,2229-183,B1-F1,외부,,,,60
509,5,둔촌동,E/L,1,0011-274,B1-B2,내부,2004-03-23,1000,15,45
510,5,둔촌동,E/L,2,0011-275,B1-B2,내부,2004-03-23,1000,15,45
511,5,둔촌동,E/L,3,0008-837,F1-B1,외부,2005-04-11,750,11,45
512,5,올림픽공원,E/L,1,0077-287,B2-B3,내부,2016-01-16,1000,15,60
513,5,올림픽공원,E/L,2,0077-288,B2-B3,내부,2016-01-16,1000,15,60
514,5,올림픽공원,E/L,4,0087-506,F1-B2,외부,2012-01-27,1000,15,45
515,5,방이,E/L,1,0087-288,B1-B2,내부,2004-04-03,1000,15,45
516,5,방이,E/L,2,0087-289,B1-B2,내부,2004-04-03,1000,15,45
517,5,방이,E/L,3,0087-214,F1-B1,외부,2004-12-28,1000,15,45
518,5,방이,E/L,4,0088-071,F1-B1,외부,2013-10-04,1000,15,45
519,5,오금,E/L,1,0011-361,B1-B2,내부,2004-09-08,1000,15,45
520,5,오금,E/L,2,0011-362,B1-B2,내부,2004-09-08,1000,15,45
521,5,오금,E/L,3,0078-506,B2-B3,내부,2009-12-28,1000,15,60
522,5,오금,E/L,4,0078-507,B2-B3,내부,2009-12-28,1000,15,60
523,5,오금,E/L,5,0078-508,F1-B1,외부,2009-12-28,1000,15,60
524,5,개롱,E/L,1,0065-940,B1-B2,내부,2004-09-08,1000,15,45
525,5,개롱,E/L,2,0065-910,B1-B2,내부,2004-09-08,1000,15,45
526,5,개롱,E/L,3,0078-214,F1-B1,외부,2005-04-11,1000,15,45
527,5,거여,E/L,1,0089-595,B1-B2,내부,2012-11-21,1000,15,45
528,5,거여,E/L,2,0011-364,B1-B2,내부,2012-12-24,1000,15,45
529,5,거여,E/L,3,0078-211,F1-B1,외부,2009-12-28,1000,15,45
530,5,마천,E/L,1,0009-741,B1-B4,내부,2020-03-02,1000,15,45
531,6,응암,E/L,1,0040-053,B1-B2,내부,2011-03-29,1000,15,45
532,6,응암,E/L,2,0073-334,F1-B1,외부,2006-04-26,1000,15,45
533,6,역촌,E/L,1,0104-827,B1-B4,내부,2005-01-21,1000,15,45
534,6,역촌,E/L,2,0042-692,F1-B1,외부,2004-12-22,1000,15,45
535,6,불광,E/L,1,0039-061,B1-B4,내부,2011-04-11,1000,15,45
536,6,불광,E/L,2,0039-062,B1-B4,내부,2011-04-11,1000,15,45
537,6,불광,E/L,3,0042-691,F1-B1,외부,2005-11-18,1000,15,60
538,6,독바위,E/L,1,0040-274,B1-B6,내부,2011-04-19,1000,15,45
539,6,독바위,E/L,2,0042-697,F1-B1,외부,2006-03-21,1000,15,45
540,6,연신내,E/L,1,0102-709,B1-B5,내부,2010-12-03,1000,15,45
541,6,연신내,E/L,2,0102-710,F1-B1,외부,2010-12-03,1000,15,45
542,6,구산,E/L,1,0040-487,F1-B1,외부,2005-10-18,1000,15,45
543,6,새절,E/L,1,0042-689,B1-B2,내부,2004-12-28,1000,15,45
544,6,새절,E/L,2,0042-690,F1-B1,외부,2005-04-28,1000,15,45
545,6,증산,E/L,1,0042-852,B1-B2,내부,2004-12-29,750,11,45
546,6,증산,E/L,2,0042-853,B1-B2,내부,2004-12-29,750,11,45
547,6,증산,E/L,3,0042-854,F1-B1,외부,2005-04-28,750,11,45
548,6,디지털미디어시티,E/L,1,0102-251,B1-B2,내부,2004-12-29,750,11,45
549,6,디지털미디어시티,E/L,2,0102-252,B1-B2,내부,2004-12-29,750,11,45
550,6,디지털미디어시티,E/L,3,0102-253,F1-B1,외부,2000-12-15,1150,17,60
551,6,월드컵경기장,E/L,1,0104-771,B2-B3,내부,2012-09-28,1000,15,45
552,6,월드컵경기장,E/L,2,0104-772,B2-B3,내부,2012-09-28,1000,15,45
553,6,월드컵경기장,E/L,3,0104-773,F1-B2,외부,2012-09-28,1000,15,45
554,6(기타),성산별관,E/L,1,0041-834,F4-B1,외부,2003-07-30,550,8,60
555,6,마포구청,E/L,1,0007-233,B2-B3,내부,2012-05-02,1000,15,45
556,6,마포구청,E/L,2,0007-234,B2-B3,내부,2012-05-02,1000,15,45
557,6,마포구청,E/L,3,0015-263,F1-B2,외부,2012-05-18,1000,15,45
558,6,마포구청,E/L,4,0070-790,F1-B2,외부,2012-10-24,1600,24,45
559,6,망원,E/L,1,0040-055,B1-B2,내부,2011-02-25,1000,15,45
560,6,망원,E/L,2,0040-054,F1-B2,외부,2011-02-25,1000,15,45
561,6,합정,E/L,1,0039-041,B1-B4,내부,2011-04-27,1000,15,45
562,6,합정,E/L,2,0039-042,B3-B4,내부,2011-04-27,1000,15,45
563,6,합정,E/L,3,0039-043,F1-B1,외부,2011-04-27,1000,15,45
564,6,합정,E/L,4,0005-870,F1-B1,외부,2012-04-18,1000,15,60
565,6,합정,E/L,5,0108-823,F1-B1,외부,2015-03-09,1000,15,
566,6,상수,E/L,1,0102-308,B2-B3,내부,2004-12-28,1000,15,45
567,6,상수,E/L,2,0143-822,F1-B1,외부,2020-06-15,1000,15,45
568,6,광흥창,E/L,1,0039-039,F1-B2,외부,2011-04-08,1000,15,45
569,6,광흥창,E/L,2,0039-040,B2-B3,내부,2005-08-04,1000,15,45
570,6,광흥창,E/L,3,0007-065,F1-B1,외부,2012-04-26,1600,24,45
571,6,대흥,E/L,1,0042-659,B2-B3,내부,2004-12-24,1000,15,45
572,6,대흥,E/L,2,0104-289,B1-B2,내부,2014-04-24,1000,15,45
573,6,공덕,E/L,1,0015-040,B1-B2,내부,2012-05-14,1000,15,45
574,6,공덕,E/L,2,0004-354,B1-B2,내부,2012-04-09,1000,15,45
575,6,공덕,E/L,3,0004-355,F1-B1,외부,2012-04-09,1000,15,45
576,6,공덕,E/L,4,0104-290,B2-B3,내부,2014-04-24,1000,15,45
577,6,공덕,E/L,5,0104-340,B2-B3,내부,2014-04-24,1000,15,45
578,6,효창공원앞,E/L,1,0042-657,B2-B3,내부,2004-12-29,1000,15,45
579,6,효창공원앞,E/L,2,0042-658,B1-B2,내부,2004-12-29,1000,15,45
580,6,삼각지,E/L,1,0041-719,B3-B4,내부,2012-10-09,1000,15,45
581,6,삼각지,E/L,2,0041-875,B3-B4,내부,2012-08-24,1000,15,45
582,6,삼각지,E/L,3,0104-720,F1-B3,외부,2012-10-09,1000,15,45
583,6,삼각지,E/L,4,0041-877,F1-B3,외부,2012-08-24,1000,15,45
584,6,삼각지,E/L,5,0103-579,B3-B4,내부,2014-04-24,1600,24,45
585,6,녹사평,E/L,1,0082-691,B4-B5,내부,2012-12-18,1000,15,45
586,6,녹사평,E/L,2,0082-692,B2-B4,내부,2012-12-26,1000,15,45
587,6,녹사평,E/L,3,0082-693,F1-B2,외부,2012-12-18,1000,15,45
588,6,이태원,E/L,1,0103-976,B1-B5,내부,2001-03-09,1000,15,60
589,6,이태원,E/L,2,0040-056,F1-B1,외부,2011-03-29,1000,15,45
590,6,한강진,E/L,1,0102-206,B3-B4,내부,2004-12-24,1000,15,45
591,6,한강진,E/L,2,0102-207,B1-B4,내부,2004-12-24,1000,15,45
592,6,한강진,E/L,3,0041-868,F1-B1,외부,2004-12-28,1000,15,45
593,6,버티고개,E/L,1,0102-205,B3-B4,내부,2006-03-31,750,11,45
594,6,버티고개,E/L,2,0102-097,B3-B4,내부,2006-03-31,750,11,45
595,6,버티고개,E/L,3,0102-203,B2-B3,내부,2004-12-28,750,11,30
596,6,버티고개,E/L,4,0102-204,B1-B2,내부,2004-12-24,1000,15,45
597,6,버티고개,E/L,5,0041-895,F1-B1,외부,2005-12-29,1000,15,45
598,6,약수,E/L,1,0103-977,B2-B3,내부,2004-04-03,1000,15,45
599,6,약수,E/L,2,0103-978,B2-B3,내부,2004-04-03,1000,15,45
600,6,약수,E/L,3,0103-979,B1-B3,내부,2004-04-03,1000,15,45
601,6,약수,E/L,4,0113-921,B1-B2,내부,2015-11-24,1000,15,45
602,6,청구,E/L,1,0104-443,B3-B4,내부,2011-02-16,1000,15,45
603,6,청구,E/L,2,0104-444,B1-B3,내부,2011-02-16,1000,15,45
604,6,청구,E/L,3,0104-445,B1-B3,내부,2011-02-16,1000,15,45
605,6,청구,E/L,4,0104-446,F1-B1,외부,2011-02-16,1000,15,45
606,6,청구,E/L,5,0074-257,F1-B1,외부,2014-12-24,1000,15,45
607,6,신당,E/L,1,0103-494,B1-B3,내부,2010-12-29,1000,15,45
608,6,신당,E/L,2,0089-055,B1-F1,외부,2014-08-29,1150,17,60
609,6,동묘앞,E/L,1,0000-962,B2-B3,내부,2004-10-24,1000,15,45
610,6,동묘앞,E/L,2,0000-963,B2-B3,내부,2005-10-31,1000,15,60
611,6,창신,E/L,1,0002-280,B1-B4,내부,2011-08-05,1000,15,45
612,6,창신,E/L,2,0000-959,F1-B1,외부,2006-04-06,1000,15,45
613,6,창신,E/L,3,0125-798,F1-B1,외부,2018-09-05,1600,24,45
614,6,보문,E/L,1,0049-838,B2-B3,내부,2004-10-22,1000,15,45
615,6,안암,E/L,1,0028-813,B2-B3,내부,2011-04-22,1000,15,45
616,6,안암,E/L,2,0028-814,B2-B3,내부,2011-04-22,1000,15,45
617,6,안암,E/L,3,0028-815,F1-B2,외부,2011-04-22,1000,15,45
618,6,고려대,E/L,1,0019-339,B1-B4,내부,2012-07-11,1000,15,45
619,6,고려대,E/L,2,0053-247,B1-B4,내부,2012-09-17,1000,15,45
620,6,고려대,E/L,3,0019-340,F1-B1,외부,2012-07-11,1000,15,45
621,6,고려대,E/L,4,0053-248,F1-B1,외부,2012-09-17,1000,15,45
622,6,월곡,E/L,1,0044-187,B2-B3,내부,2004-09-23,1000,15,45
623,6,월곡,E/L,2,0044-188,B2-B3,내부,2004-09-23,1000,15,45
624,6,월곡,E/L,3,0028-819,F1-B2,외부,2005-08-04,1000,15,60
625,6,상월곡,E/L,1,0027-999,F1-B2,외부,2011-08-05,1000,15,45
626,6,돌곶이,E/L,1,0054-295,B1-B2,내부,2004-11-05,1000,15,45
627,6,돌곶이,E/L,2,0054-296,B1-B2,내부,2004-11-05,1000,15,45
628,6,돌곶이,E/L,3,0044-225,F1-B1,외부,2012-11-21,1000,15,45
629,6,석계,E/L,1,0057-328,B2-B3,내부,2012-12-24,1000,15,45
630,6,석계,E/L,2,0055-103,B2-B3,내부,2012-10-29,1000,15,45
631,6,석계,E/L,3,0057-329,F1-B2,외부,2012-12-26,1000,15,45
632,6,석계,E/L,4,0055-102,F1-B2,외부,2012-10-29,1000,15,45
633,6,태릉입구,E/L,1,0019-107,B1-B2,내부,2012-05-17,1000,15,45
634,6,태릉입구,E/L,2,0015-897,B1-B2,내부,2012-04-26,1000,15,45
635,6,태릉입구,E/L,3,0015-898,F1-B1,외부,2012-04-26,1000,15,45
636,6,태릉입구,E/L,4,0113-359,F1-B1,외부,2015-12-31,1000,15,45
637,6,화랑대,E/L,1,0057-151,B1-B2,내부,2012-12-14,1000,15,45
638,6,화랑대,E/L,2,0057-152,B1-B2,내부,2012-12-14,1000,15,45
639,6,화랑대,E/L,3,0057-153,F1-B1,외부,2012-12-14,1000,15,45
640,6,화랑대,E/L,4,0094-425,F1-B1,외부,2013-04-26,1600,24,45
641,6,봉화산,E/L,1,0054-819,F1-B1,외부,2004-12-28,1000,15,45
642,6,봉화산,E/L,2,0094-606,F1-B1,외부,2013-04-26,1600,24,45
643,6,신내,E/L,1,0136-697,F1-F2,내부,2019-10-07,1150,17,60
644,7,장암,E/L,1,2064-681,F2-F1,외부,2004-12-28,750,11,45
645,7,장암,E/L,2,2064-682,F2-F1,외부,2004-12-28,750,11,45
646,7,도봉산,E/L,1,0053-189,F2-F1,외부,2004-09-30,750,11,45
647,7,도봉산,E/L,2,0053-190,F2-F1,외부,2004-09-30,750,11,45
648,7,도봉산,E/L,3,0085-381,F2-F1,내부,2013-03-29,1000,15,60
649,7,도봉산,E/L,4,0085-291,F2-F1,내부,2013-03-29,1000,15,60
650,7,도봉산,E/L,5,0135-003,B1-F1,외부,2019-10-31,,,60
651,7,수락산,E/L,1,0053-324,F1-B2,외부,2003-12-27,1000,15,60
652,7,마들,E/L,1,0017-182,B1-B3,내부,2012-05-16,1000,15,45
653,7,마들,E/L,2,0053-180,F1-B1,외부,2016-01-09,1000,15,60
654,7,마들,E/L,3,0085-028,F1-B1,외부,2011-12-28,1600,24,45
655,7,마들,E/L,4,0085-029,F1-B1,외부,2012-01-27,1000,15,45
656,7,노원,E/L,1,0086-703,B1-B3,내부,2003-10-01,1000,15,60
657,7,노원,E/L,2,0018-585,F1-B1,외부,2002-08-01,1000,15,60
658,7,노원,E/L,3,0094-686,F1-B1,외부,2014-05-07,1600,24,45
659,7,중계,E/L,1,0015-704,B2-B3,내부,2004-05-18,1000,15,45
660,7,중계,E/L,2,0019-485,F1-B2,외부,2004-06-22,750,11,45
661,7,중계,E/L,3,0015-997,F1-B2,외부,2011-03-07,1000,15,60
662,7,하계,E/L,2,0017-579,B1-B3,내부,2004-09-08,1000,15,45
663,7,하계,E/L,3,0056-263,F1-B1,외부,2004-12-28,1000,15,45
664,7,하계,E/L,4,0085-031,F1-B1,외부,2009-12-28,1000,15,45
665,7,공릉,E/L,1,0015-705,B2-B4,내부,2005-04-11,1000,15,45
666,7,공릉,E/L,2,0015-706,B1-B4,내부,2005-04-11,1000,15,45
667,7,공릉,E/L,3,0015-998,F1-B1,외부,2005-05-19,750,11,45
668,7,태릉입구,E/L,1,0017-918,B1-B4,내부,2012-05-11,1000,15,45
669,7,태릉입구,E/L,2,0053-181,F1-B4,외부,2016-01-15,1000,15,60
670,7,먹골,E/L,1,0017-580,B2-B3,내부,2004-10-29,1000,15,45
671,7,먹골,E/L,2,0017-581,B2-B3,내부,2004-10-29,1000,15,45
672,7,먹골,E/L,3,0018-261,F1-B1-B2,외부,2005-06-21,1000,15,45
673,7,중화,E/L,1,0018-259,B1-B2-B3,내부,2004-09-08,1000,15,45
674,7,중화,E/L,2,0018-260,B2-B3,내부,2004-09-08,1000,15,45
675,7,중화,E/L,3,0056-268,F1-B1,외부,2004-12-28,1000,15,45
676,7,상봉,E/L,1,0019-106,B1-B3,내부,2012-05-17,1000,15,45
677,7,상봉,E/L,2,0019-351,B1-B3,내부,2012-07-18,1000,15,45
678,7,상봉,E/L,3,0016-030,B2-B3,내부,2004-04-09,1000,15,45
679,7,상봉,E/L,4,0016-029,B2-B3,내부,2004-04-09,1000,15,45
680,7,상봉,E/L,5,0019-486,F1-B1,외부,2004-09-08,1000,15,45
681,7,면목,E/L,1,0017-577,B1-B3-B4,내부,2004-10-29,1000,15,45
682,7,면목,E/L,2,0017-578,B3-B4,내부,2004-10-29,1000,15,45
683,7,면목,E/L,3,0018-586,F1-B1,외부,2005-08-04,1000,15,45
684,7,사가정,E/L,1,0017-575,B3-B4,내부,2004-10-29,1000,15,45
685,7,사가정,E/L,2,0017-576,B1-B3-B4,내부,2004-10-29,1000,15,45
686,7,사가정,E/L,3,0052-631,F1-B1,외부,2006-07-30,1000,15,45
687,7,용마산,E/L,1,0017-574,B3-B4,내부,2003-06-11,1000,15,45
688,7,용마산,E/L,2,0017-573,B1-B4,내부,2003-06-11,1000,15,45
689,7,용마산,E/L,3,0018-587,F2-B1,외부,2002-08-01,1000,15,60
690,7,중곡,E/L,1,0005-633,B2-B3,내부,2004-05-03,1000,15,45
691,7,중곡,E/L,2,0005-634,B2-B3,내부,2004-05-03,1000,15,45
692,7,중곡,E/L,3,0003-912,F1-B2,외부,2009-12-28,1000,15,45
693,7,군자,E/L,1,0094-111,F1-B1,외부,2004-01-29,1000,15,60
694,7,어린이대공원,E/L,1,0007-435,B1-B3,내부,2013-03-18,1000,15,45
695,7,어린이대공원,E/L,2,0082-420,B1-B3,내부,2013-01-23,1000,15,45
696,7,어린이대공원,E/L,3,0007-437,F1-B1,외부,2013-03-18,1000,15,45
697,7,어린이대공원,E/L,4,0051-898,F1-B1,외부,2010-07-30,1000,15,60
698,7,건대입구,E/L,1,0132-928,B2-B3,내부,2018-11-14,1000,15,60
699,7,건대입구,E/L,2,0132-929,B2-B3,내부,2018-11-14,1000,15,60
700,7,뚝섬유원지,E/L,1,0082-441,F2-F1,외부,2012-12-27,1000,15,45
701,7,뚝섬유원지,E/L,2,0082-442,F3-F2,내부,2012-12-24,1000,15,45
702,7,뚝섬유원지,E/L,3,0082-443,F3-F2,내부,2012-12-24,1000,15,45
703,7,청담,E/L,1,0056-819,F1-B3,외부,2012-08-17,1000,15,45
704,7,청담,E/L,2,0045-844,F1-B3,외부,2012-11-30,1000,15,45
705,7,강남구청,E/L,1,0011-097,B2-B3,내부,2012-04-12,1000,15,45
706,7,강남구청,E/L,2,0011-098,B2-B3,내부,2012-04-12,1000,15,45
707,7,학동,E/L,1,0065-989,B2-B3,내부,2004-10-29,1000,15,45
708,7,학동,E/L,2,0065-990,B2-B3,내부,2004-10-29,1000,15,45
709,7,학동,E/L,3,0078-212,F1-B2,외부,2005-04-11,1000,15,45
710,7,논현,E/L,1,0057-897,B2-B3,내부,2012-07-10,1000,15,45
711,7,논현,E/L,2,0057-898,B2-B3,내부,2012-07-10,1000,15,45
712,7,논현,E/L,3,0012-777,F1-B2,외부,2005-08-04,750,11,45
713,7,반포,E/L,1,0078-301,B2-B3,내부,2004-12-09,1000,15,45
714,7,반포,E/L,2,0078-302,B2-B3,내부,2004-12-09,1000,15,45
715,7,반포,E/L,3,0012-778,F1-B2,외부,2005-05-26,1000,15,60
716,7,반포,E/L,4,0077-428,F1-B2,외부,2008-11-26,1000,15,60
717,7,고속터미널,E/L,1,0009-821,B2-B3,내부,2004-05-03,1000,15,45
718,7,고속터미널,E/L,2,0009-822,B2-B3,내부,2004-05-03,1000,15,45
719,7,내방,E/L,1,0077-425,B2-B3,내부,2011-11-11,1000,15,45
720,7,내방,E/L,2,0077-426,B2-B3,내부,2011-11-11,1000,15,45
721,7,내방,E/L,3,0077-427,B1-B2,내부,2011-11-11,1000,15,45
722,7,내방,E/L,4,0012-779,F1-B1,외부,2005-06-21,1000,15,45
723,7,내방,E/L,5,0087-708,F1-B1,외부,2012-02-15,1600,24,45
724,7,이수,E/L,1,0063-029,B3-B4,내부,2012-08-08,1000,15,45
725,7,이수,E/L,2,0063-030,B3-B4,내부,2012-08-08,1000,15,45
726,7,이수,E/L,3,0063-031,F1-B3,외부,2012-08-08,1000,15,45
727,7,남성,E/L,1,0091-212,B2-B3,내부,2012-11-12,1000,15,45
728,7,남성,E/L,2,0091-213,B2-B3,내부,2012-11-12,1000,15,45
729,7,남성,E/L,3,0091-214,F1-B2,외부,2012-11-12,1000,15,45
730,7,숭실대입구,E/L,1,0060-933,B2-B6,내부,2000-08-01,1000,15,60
731,7,숭실대입구,E/L,2,0060-934,B2-B6,내부,2000-08-01,1000,15,60
732,7,숭실대입구,E/L,3,0060-935,F1-B2,외부,2011-08-09,1000,15,45
733,7,숭실대입구,E/L,4,0123-429,F1-B3,외부,2017-12-30,1600,24,60
734,7,상도,E/L,1,0021-574,B2-B3,내부,2004-10-29,1000,15,45
735,7,상도,E/L,2,0021-575,B2-B3,내부,2004-10-29,1000,15,45
736,7,상도,E/L,3,0021-576,F1-B2,외부,2005-05-19,1000,15,45
737,7,장승배기,E/L,1,0022-769,B2-B3,내부,2004-12-03,750,11,45
738,7,장승배기,E/L,2,0022-770,B2-B3,내부,2004-12-03,750,11,45
739,7,장승배기,E/L,3,0022-771,F1-B2,외부,2005-05-26,1000,15,45
740,7,신대방삼거리,E/L,1,0022-772,B2-B3,내부,2011-04-28,1000,15,45
741,7,신대방삼거리,E/L,2,0022-773,B2-B3,내부,2011-04-28,1000,15,45
742,7,신대방삼거리,E/L,3,0022-522,B1-B2,내부,2012-03-13,1000,15,45
743,7,신대방삼거리,E/L,4,0022-774,F1-B1,외부,2005-05-19,1000,15,45
744,7,보라매,E/L,1,0021-025,B1-B2,내부,2004-12-03,750,11,45
745,7,보라매,E/L,2,0021-026,F1-B1,외부,2005-04-11,1000,15,45
746,7,신풍,E/L,1,0021-850,B1-B2,내부,2004-11-05,1000,15,45
747,7,신풍,E/L,2,0021-851,B1-B2,내부,2004-11-05,750,15,45
748,7,신풍,E/L,3,0021-852,F1-B1,외부,2011-09-09,1000,15,45
749,7,신풍,E/L,4,0097-451,F1-B1,외부,2013-09-05,1600,24,45
750,7,대림,E/L,1,0020-631,B1-B2,내부,2011-10-20,1000,15,45
751,7,대림,E/L,2,0020-632,B1-B2,내부,2011-10-20,1000,15,45
752,7,대림,E/L,3,0020-633,F1-B1,외부,2011-10-20,1000,15,45
753,7,가산디지털단지,E/L,1,0021-021,B2-B3-B4,내부,2004-09-30,1000,15,45
754,7,가산디지털단지,E/L,2,0021-022,B2-B3-B4,내부,2004-09-30,1000,15,60
755,7,가산디지털단지,E/L,3,0021-023,B1-B2,내부,2004-09-30,1000,15,45
756,7,가산디지털단지,E/L,4,0021-024,F1-B1,외부,2005-07-25,0,15,60
757,7,철산,E/L,1,2026-968,B1-B2,내부,2011-02-25,1000,15,45
758,7,철산,E/L,2,2026-969,B1-B2,내부,2011-02-25,1000,15,45
759,7,철산,E/L,3,2026-970,F1-B1,외부,2011-02-25,1000,15,45
760,7,철산,E/L,4,2162-470,F1-B1,외부,2016-03-02,1600,24,45
761,7,광명사거리,E/L,1,2026-444,B2-B3,내부,2005-02-23,750,11,45
762,7,광명사거리,E/L,2,2117-998,F1-B2,외부,2012-06-21,1000,15,45
763,7,천왕,E/L,1,0021-226,B1-B2,내부,2004-12-24,1000,15,45
764,7,천왕,E/L,2,0021-227,B1-B2,내부,2004-12-24,1000,15,45
765,7,천왕,E/L,3,0025-776,F1-B1,외부,2012-06-14,1000,15,45
766,7,온수,E/L,1,0021-618,B1-B2,내부,2005-04-11,1000,15,45
767,7,온수,E/L,2,0021-619,B1-B2,내부,2005-04-11,1000,15,45
768,7,온수,E/L,3,0021-620,F1-B1,외부,2005-04-11,1000,15,60
769,7,천왕,E/L,4,0122-484,F1-B1,외부,2016-10-26,1600,24,45
770,7(기타),천왕기지,E/L,1,0058-636,F5-B1,외부,1999-09-10,1000,15,60
771,7(연),까치울,E/L,1,2060-279,B1-B2,내부,2012-05-23,"1,050",15,60
772,7(연),까치울,E/L,2,2060-280,F1-B1,외부,2012-05-23,"1,050",15,60
773,7(연),부천종합운동장,E/L,1,2092-517,B1-B2,내부,2012-10-08,"1,050",15,60
774,7(연),부천종합운동장,E/L,2,2092-518,F1-B1,외부,2012-10-08,"1,050",15,60
775,7(연),부천종합운동장,E/L,3,2092-519,F1-B1,외부,2012-10-08,"1,050",15,60
776,7(연),부천종합운동장,E/L,4,2092-520,F2-BM1,외부,2012-10-08,"1,050",15,60
777,7(연),춘의,E/L,1,2061-661,B1-B2,내부,2012-09-07,"1,050",15,60
778,7(연),춘의,E/L,2,2061-662,F1-B1,외부,2012-09-07,"1,050",15,60
779,7(연),춘의,E/L,3,2061-663,F1-B1,외부,2012-09-07,"1,050",15,60
780,7(연),신중동,E/L,1,2078-781,B1-B2,내부,2012-09-05,"1,050",15,60
781,7(연),신중동,E/L,2,2078-782,F1-B1,외부,2012-09-05,"1,050",15,60
782,7(연),신중동,E/L,3,2078-783,F1-B1,외부,2012-09-05,"1,050",15,60
783,7(연),신중동,E/L,4,2061-660,F1-B1,외부,2012-07-11,"1,050",15,60
784,7(연),부천시청,E/L,1,2058-149,B1-B2,내부,2012-05-14,"1,050",15,60
785,7(연),부천시청,E/L,2,2058-150,F1-B1,외부,2012-05-14,"1,050",15,60
786,7(연),부천시청,E/L,3,2058-151,F1-B1,외부,2012-05-14,"1,050",15,60
787,7(연),상동,E/L,1,2058-152,B1-B2,내부,2012-05-21,"1,050",15,60
788,7(연),상동,E/L,2,2058-153,B1-B2,내부,2012-05-21,"1,050",15,60
789,7(연),상동,E/L,3,2058-154,F1-B1,외부,2012-05-21,"1,050",15,60
790,7(연),상동,E/L,4,2058-155,F1-B1,외부,2012-05-21,"1,050",15,60
791,7(연),삼산체육관,E/L,1,2092-874,B1-B2,내부,2012-10-23,1150,17,60
792,7(연),삼산체육관,E/L,2,2092-871,B1-B2,내부,2012-10-23,1150,17,60
793,7(연),삼산체육관,E/L,3,2092-873,F1-B1,외부,2012-10-23,1150,17,60
794,7(연),삼산체육관,E/L,4,2092-872,F1-B1,외부,2012-10-23,1150,17,60
795,7(연),굴포천,E/L,1,2092-823,B1-B2,내부,2012-10-23,1150,17,60
796,7(연),굴포천,E/L,2,2092-824,B1-B2,내부,2012-10-23,1150,17,60
797,7(연),굴포천,E/L,3,2092-822,F1-B1,외부,2012-10-23,1150,17,60
798,7(연),굴포천,E/L,4,2092-825,F1-B1,외부,2012-10-23,1150,17,60
799,7(연),부평구청,E/L,1,2120-901,B1-B3,내부,2012-10-17,1150,17,60
800,7(연),부평구청,E/L,2,2120-902,B1-B3,내부,2012-10-17,1150,17,60
801,7(연),부평구청,E/L,3,2120-903,B2-B3,내부,2012-10-17,1150,17,60
802,7(연),부평구청,E/L,4,2120-904,B2-B3,내부,2012-10-17,1150,17,60
803,7(연),부평구청,E/L,5,2120-905,B2-B2,내부,2012-10-17,1150,17,60
804,7(연),부평구청,E/L,6,2120-906,B2-B2,내부,2012-10-17,1150,17,60
805,7(연),부평구청,E/L,7,2120-907,F1-B1,외부,2012-10-17,1150,17,60
806,7(연),부평구청,E/L,8,2120-908,F1-B1,외부,2012-10-17,1150,17,60
807,7(연),부평구청,E/L,9,2120-909,F1-B4(관리동),외부,2012-10-17,1150,17,60
808,8,암사,E/L,1,0066-066,B1-B2,내부,2004-09-02,750,11,45
809,8,암사,E/L,2,0066-067,B1-B2,내부,2004-09-02,750,11,45
810,8,암사,E/L,3,0079-858,F1-B1,외부,2005-06-21,1000,15,45
811,8,천호,E/L,1,0077-988,B1-B2,내부,2009-12-23,1000,15,45
812,8,천호,E/L,2,0077-989,B1-B2,내부,2009-12-23,1000,15,45
813,8,강동구청,E/L,1,0077-745,B2-B3,내부,2004-12-29,750,11,45
814,8,강동구청,E/L,2,0077-746,B2-B3,내부,2004-12-29,750,11,45
815,8,강동구청,E/L,3,0009-742,F1-B2,외부,2006-05-19,1000,15,60
816,8,몽촌토성,E/L,1,0011-276,B2-B3,내부,2004-04-03,1000,15,45
817,8,몽촌토성,E/L,2,0011-277,B2-B3,내부,2004-04-03,750,11,45
818,8,몽촌토성,E/L,3,0011-278,B1-B2,내부,2004-04-03,750,11,45
819,8,몽촌토성,E/L,4,0075-711,F1-B1,외부,2004-11-16,1000,15,45
820,8,잠실,E/L,1,0087-497,B1-B3,내부,2012-01-19,1000,15,45
821,8,잠실,E/L,2,0087-498,B1-B3,내부,2012-01-19,1000,15,45
822,8,잠실,E/L,3,0087-499,F1-B1,외부,2012-02-10,1000,15,45
823,8,잠실,E/L,4,0089-900,B2-F1,외부,2014-05-23,1150,17,60
824,8,석촌,E/L,1,0075-712,B1-B2,내부,2004-11-17,750,11,45
825,8,석촌,E/L,2,0075-713,B1-B2,내부,2004-11-17,750,11,45
826,8,석촌,E/L,3,0045-887,F1-B1,외부,2005-11-02,1000,15,45
827,8,송파,E/L,1,0087-791,B1-B2,내부,2004-09-14,750,11,45
828,8,송파,E/L,2,0087-792,B1-B2,내부,2004-09-14,750,11,45
829,8,송파,E/L,3,0046-881,F1-B1,외부,2005-11-02,750,11,45
830,8,가락시장,E/L,1,0078-551,B1-B2,내부,2012-03-05,1000,15,45
831,8,가락시장,E/L,2,0078-553,B1-B2,내부,2011-12-08,1000,15,45
832,8,가락시장,E/L,3,0078-555,B2-B3,내부,2009-12-28,1000,15,60
833,8,가락시장,E/L,4,0078-554,B2-B3,내부,2009-12-28,1000,15,60
834,8,가락시장,E/L,5,0075-714,F1-B2,외부,2009-12-28,1000,15,60
835,8,가락시장,E/L,6,0078-552,F1-B1,외부,2009-12-28,1000,15,60
836,8,문정,E/L,1,0077-747,B1-B2,내부,2004-12-24,750,11,45
837,8,문정,E/L,2,0077-748,B1-B2,내부,2004-12-24,750,11,45
838,8,문정,E/L,3,0009-743,F1-B1,외부,2005-04-28,1000,15,45
839,8,장지,E/L,1,0077-861,B1-B2,내부,2004-12-24,750,11,45
840,8,장지,E/L,2,0077-862,B1-B2,내부,2004-12-24,750,11,45
841,8,장지,E/L,3,0009-744,F1-B1,외부,2005-05-19,1000,15,45
842,8,장지,E/L,4,0077-876,F1-B1,외부,2008-12-19,1000,15,60
843,8,복정,E/L,1,0011-754,B1-B3,내부,2002-08-01,1000,15,60
844,8,산성,E/L,1,2024-722,B2-B3,내부,2006-05-04,750,11,30
845,8,산성,E/L,2,2024-723,B2-B3,내부,2006-05-04,750,11,30
846,8,산성,E/L,3,2024-721,B1-B2,내부,2006-05-04,750,11,30
847,8,산성,E/L,4,2075-288,F1-B1,외부,2006-05-04,750,11,45
848,8,남한산성입구,E/L,1,2022-967,B2-B3,내부,2004-04-03,750,11,45
849,8,남한산성입구,E/L,2,2231-773,F1-B3,외부,2020-06-15,1000,15,45
850,8,단대오거리,E/L,1,2116-586,B1-B3,내부,2010-11-25,1000,15,45
851,8,단대오거리,E/L,2,2116-587,B1-B3,내부,2010-11-25,1000,15,45
852,8,단대오거리,E/L,3,2116-588,F1-B1,외부,2010-11-25,1000,15,45
853,8,신흥,E/L,1,2022-969,B1-B2,내부,2004-04-03,750,11,45
854,8,신흥,E/L,2,2022-970,B1-B2,내부,2004-04-03,750,11,45
855,8,수진,E/L,1,2116-589,B1-B2,내부,2004-11-17,750,11,45
856,8,수진,E/L,2,2116-590,B1-B2,내부,2004-11-17,750,11,45
857,8,수진,E/L,3,2212-625,B1-F1,외부,2019-04-16,,24,45
858,8,모란,E/L,1,2116-583,B1-B3,내부,2010-11-25,1000,15,45
859,8,모란,E/L,2,2116-584,B2-B3,내부,2010-11-26,1000,15,45
860,8,모란,E/L,3,2116-585,F1-B1,외부,2004-11-16,1000,15,45
